algo,thresholds,fe,time,opt_iters,K,psnr,ssim,fsim,hist_data
otsu_K2,"77,170",1.9156589536675408,0.0101,100,2,21.27182479633314,0.5977360946136518,0.8261352076441298,"[259, 519, 249, 164, 151, 136, 115, 100, 96, 113, 101, 92, 95, 112, 99, 88, 98, 116, 80, 95, 108, 95, 87, 81, 89, 100, 74, 96, 77, 75, 84, 65, 86, 74, 72, 72, 79, 68, 93, 85, 102, 113, 119, 95, 94, 118, 88, 114, 134, 115, 133, 153, 165, 179, 169, 163, 192, 197, 212, 195, 236, 213, 227, 285, 287, 269, 278, 278, 275, 295, 288, 310, 291, 313, 320, 309, 273, 285, 337, 309, 364, 360, 327, 358, 352, 384, 392, 425, 410, 456, 433, 454, 488, 564, 545, 519, 572, 554, 525, 557, 578, 618, 633, 647, 642, 578, 567, 605, 631, 619, 636, 574, 635, 599, 608, 626, 606, 568, 599, 562, 529, 520, 530, 480, 486, 491, 476, 409, 371, 363, 321, 299, 308, 276, 296, 234, 223, 187, 186, 161, 165, 146, 142, 138, 127, 105, 124, 123, 112, 97, 80, 86, 85, 73, 75, 76, 70, 81, 61, 62, 89, 56, 67, 62, 46, 48, 53, 52, 57, 61, 60, 49, 66, 52, 50, 59, 46, 45, 49, 48, 42, 47, 49, 39, 49, 65, 43, 56, 51, 52, 66, 63, 63, 69, 66, 55, 51, 66, 57, 60, 59, 56, 54, 64, 53, 54, 66, 68, 70, 64, 65, 81, 78, 64, 82, 83, 90, 91, 112, 110, 105, 107, 147, 130, 134, 130, 126, 145, 118, 130, 100, 128, 87, 102, 76, 74, 60, 53, 63, 51, 53, 60, 45, 49, 49, 50, 45, 55, 51, 46, 72, 79, 72, 107, 229, 99]"
mfwoa_K2,"31,58",2.055062222745774,1.0689,100,2,15.249354625616183,0.3810610063815259,0.7646501629154866,"[259, 519, 249, 164, 151, 136, 115, 100, 96, 113, 101, 92, 95, 112, 99, 88, 98, 116, 80, 95, 108, 95, 87, 81, 89, 100, 74, 96, 77, 75, 84, 65, 86, 74, 72, 72, 79, 68, 93, 85, 102, 113, 119, 95, 94, 118, 88, 114, 134, 115, 133, 153, 165, 179, 169, 163, 192, 197, 212, 195, 236, 213, 227, 285, 287, 269, 278, 278, 275, 295, 288, 310, 291, 313, 320, 309, 273, 285, 337, 309, 364, 360, 327, 358, 352, 384, 392, 425, 410, 456, 433, 454, 488, 564, 545, 519, 572, 554, 525, 557, 578, 618, 633, 647, 642, 578, 567, 605, 631, 619, 636, 574, 635, 599, 608, 626, 606, 568, 599, 562, 529, 520, 530, 480, 486, 491, 476, 409, 371, 363, 321, 299, 308, 276, 296, 234, 223, 187, 186, 161, 165, 146, 142, 138, 127, 105, 124, 123, 112, 97, 80, 86, 85, 73, 75, 76, 70, 81, 61, 62, 89, 56, 67, 62, 46, 48, 53, 52, 57, 61, 60, 49, 66, 52, 50, 59, 46, 45, 49, 48, 42, 47, 49, 39, 49, 65, 43, 56, 51, 52, 66, 63, 63, 69, 66, 55, 51, 66, 57, 60, 59, 56, 54, 64, 53, 54, 66, 68, 70, 64, 65, 81, 78, 64, 82, 83, 90, 91, 112, 110, 105, 107, 147, 130, 134, 130, 126, 145, 118, 130, 100, 128, 87, 102, 76, 74, 60, 53, 63, 51, 53, 60, 45, 49, 49, 50, 45, 55, 51, 46, 72, 79, 72, 107, 229, 99]"
woa_K2,"23,54",2.052549106425878,0.715,100,2,15.161888632534467,0.3628781476301279,0.7598022746061291,"[259, 519, 249, 164, 151, 136, 115, 100, 96, 113, 101, 92, 95, 112, 99, 88, 98, 116, 80, 95, 108, 95, 87, 81, 89, 100, 74, 96, 77, 75, 84, 65, 86, 74, 72, 72, 79, 68, 93, 85, 102, 113, 119, 95, 94, 118, 88, 114, 134, 115, 133, 153, 165, 179, 169, 163, 192, 197, 212, 195, 236, 213, 227, 285, 287, 269, 278, 278, 275, 295, 288, 310, 291, 313, 320, 309, 273, 285, 337, 309, 364, 360, 327, 358, 352, 384, 392, 425, 410, 456, 433, 454, 488, 564, 545, 519, 572, 554, 525, 557, 578, 618, 633, 647, 642, 578, 567, 605, 631, 619, 636, 574, 635, 599, 608, 626, 606, 568, 599, 562, 529, 520, 530, 480, 486, 491, 476, 409, 371, 363, 321, 299, 308, 276, 296, 234, 223, 187, 186, 161, 165, 146, 142, 138, 127, 105, 124, 123, 112, 97, 80, 86, 85, 73, 75, 76, 70, 81, 61, 62, 89, 56, 67, 62, 46, 48, 53, 52, 57, 61, 60, 49, 66, 52, 50, 59, 46, 45, 49, 48, 42, 47, 49, 39, 49, 65, 43, 56, 51, 52, 66, 63, 63, 69, 66, 55, 51, 66, 57, 60, 59, 56, 54, 64, 53, 54, 66, 68, 70, 64, 65, 81, 78, 64, 82, 83, 90, 91, 112, 110, 105, 107, 147, 130, 134, 130, 126, 145, 118, 130, 100, 128, 87, 102, 76, 74, 60, 53, 63, 51, 53, 60, 45, 49, 49, 50, 45, 55, 51, 46, 72, 79, 72, 107, 229, 99]"
pso_K2,"31,58",2.055062222745774,0.7043,100,2,15.249354625616183,0.3810610063815259,0.7646501629154866,"[259, 519, 249, 164, 151, 136, 115, 100, 96, 113, 101, 92, 95, 112, 99, 88, 98, 116, 80, 95, 108, 95, 87, 81, 89, 100, 74, 96, 77, 75, 84, 65, 86, 74, 72, 72, 79, 68, 93, 85, 102, 113, 119, 95, 94, 118, 88, 114, 134, 115, 133, 153, 165, 179, 169, 163, 192, 197, 212, 195, 236, 213, 227, 285, 287, 269, 278, 278, 275, 295, 288, 310, 291, 313, 320, 309, 273, 285, 337, 309, 364, 360, 327, 358, 352, 384, 392, 425, 410, 456, 433, 454, 488, 564, 545, 519, 572, 554, 525, 557, 578, 618, 633, 647, 642, 578, 567, 605, 631, 619, 636, 574, 635, 599, 608, 626, 606, 568, 599, 562, 529, 520, 530, 480, 486, 491, 476, 409, 371, 363, 321, 299, 308, 276, 296, 234, 223, 187, 186, 161, 165, 146, 142, 138, 127, 105, 124, 123, 112, 97, 80, 86, 85, 73, 75, 76, 70, 81, 61, 62, 89, 56, 67, 62, 46, 48, 53, 52, 57, 61, 60, 49, 66, 52, 50, 59, 46, 45, 49, 48, 42, 47, 49, 39, 49, 65, 43, 56, 51, 52, 66, 63, 63, 69, 66, 55, 51, 66, 57, 60, 59, 56, 54, 64, 53, 54, 66, 68, 70, 64, 65, 81, 78, 64, 82, 83, 90, 91, 112, 110, 105, 107, 147, 130, 134, 130, 126, 145, 118, 130, 100, 128, 87, 102, 76, 74, 60, 53, 63, 51, 53, 60, 45, 49, 49, 50, 45, 55, 51, 46, 72, 79, 72, 107, 229, 99]"
otsu_K3,"53,102,191",2.588845138375821,0.0563,100,3,23.168234454094755,0.750636618027431,0.86985792901804,"[259, 519, 249, 164, 151, 136, 115, 100, 96, 113, 101, 92, 95, 112, 99, 88, 98, 116, 80, 95, 108, 95, 87, 81, 89, 100, 74, 96, 77, 75, 84, 65, 86, 74, 72, 72, 79, 68, 93, 85, 102, 113, 119, 95, 94, 118, 88, 114, 134, 115, 133, 153, 165, 179, 169, 163, 192, 197, 212, 195, 236, 213, 227, 285, 287, 269, 278, 278, 275, 295, 288, 310, 291, 313, 320, 309, 273, 285, 337, 309, 364, 360, 327, 358, 352, 384, 392, 425, 410, 456, 433, 454, 488, 564, 545, 519, 572, 554, 525, 557, 578, 618, 633, 647, 642, 578, 567, 605, 631, 619, 636, 574, 635, 599, 608, 626, 606, 568, 599, 562, 529, 520, 530, 480, 486, 491, 476, 409, 371, 363, 321, 299, 308, 276, 296, 234, 223, 187, 186, 161, 165, 146, 142, 138, 127, 105, 124, 123, 112, 97, 80, 86, 85, 73, 75, 76, 70, 81, 61, 62, 89, 56, 67, 62, 46, 48, 53, 52, 57, 61, 60, 49, 66, 52, 50, 59, 46, 45, 49, 48, 42, 47, 49, 39, 49, 65, 43, 56, 51, 52, 66, 63, 63, 69, 66, 55, 51, 66, 57, 60, 59, 56, 54, 64, 53, 54, 66, 68, 70, 64, 65, 81, 78, 64, 82, 83, 90, 91, 112, 110, 105, 107, 147, 130, 134, 130, 126, 145, 118, 130, 100, 128, 87, 102, 76, 74, 60, 53, 63, 51, 53, 60, 45, 49, 49, 50, 45, 55, 51, 46, 72, 79, 72, 107, 229, 99]"
mfwoa_K3,"33,142,209",2.709108552781884,1.0689,100,3,20.94772828118931,0.5310023683179481,0.8168205654284191,"[259, 519, 249, 164, 151, 136, 115, 100, 96, 113, 101, 92, 95, 112, 99, 88, 98, 116, 80, 95, 108, 95, 87, 81, 89, 100, 74, 96, 77, 75, 84, 65, 86, 74, 72, 72, 79, 68, 93, 85, 102, 113, 119, 95, 94, 118, 88, 114, 134, 115, 133, 153, 165, 179, 169, 163, 192, 197, 212, 195, 236, 213, 227, 285, 287, 269, 278, 278, 275, 295, 288, 310, 291, 313, 320, 309, 273, 285, 337, 309, 364, 360, 327, 358, 352, 384, 392, 425, 410, 456, 433, 454, 488, 564, 545, 519, 572, 554, 525, 557, 578, 618, 633, 647, 642, 578, 567, 605, 631, 619, 636, 574, 635, 599, 608, 626, 606, 568, 599, 562, 529, 520, 530, 480, 486, 491, 476, 409, 371, 363, 321, 299, 308, 276, 296, 234, 223, 187, 186, 161, 165, 146, 142, 138, 127, 105, 124, 123, 112, 97, 80, 86, 85, 73, 75, 76, 70, 81, 61, 62, 89, 56, 67, 62, 46, 48, 53, 52, 57, 61, 60, 49, 66, 52, 50, 59, 46, 45, 49, 48, 42, 47, 49, 39, 49, 65, 43, 56, 51, 52, 66, 63, 63, 69, 66, 55, 51, 66, 57, 60, 59, 56, 54, 64, 53, 54, 66, 68, 70, 64, 65, 81, 78, 64, 82, 83, 90, 91, 112, 110, 105, 107, 147, 130, 134, 130, 126, 145, 118, 130, 100, 128, 87, 102, 76, 74, 60, 53, 63, 51, 53, 60, 45, 49, 49, 50, 45, 55, 51, 46, 72, 79, 72, 107, 229, 99]"
woa_K3,"41,76,214",2.7123980002227532,0.7292,100,3,20.047988940763403,0.5660100619608721,0.8034514723173452,"[259, 519, 249, 164, 151, 136, 115, 100, 96, 113, 101, 92, 95, 112, 99, 88, 98, 116, 80, 95, 108, 95, 87, 81, 89, 100, 74, 96, 77, 75, 84, 65, 86, 74, 72, 72, 79, 68, 93, 85, 102, 113, 119, 95, 94, 118, 88, 114, 134, 115, 133, 153, 165, 179, 169, 163, 192, 197, 212, 195, 236, 213, 227, 285, 287, 269, 278, 278, 275, 295, 288, 310, 291, 313, 320, 309, 273, 285, 337, 309, 364, 360, 327, 358, 352, 384, 392, 425, 410, 456, 433, 454, 488, 564, 545, 519, 572, 554, 525, 557, 578, 618, 633, 647, 642, 578, 567, 605, 631, 619, 636, 574, 635, 599, 608, 626, 606, 568, 599, 562, 529, 520, 530, 480, 486, 491, 476, 409, 371, 363, 321, 299, 308, 276, 296, 234, 223, 187, 186, 161, 165, 146, 142, 138, 127, 105, 124, 123, 112, 97, 80, 86, 85, 73, 75, 76, 70, 81, 61, 62, 89, 56, 67, 62, 46, 48, 53, 52, 57, 61, 60, 49, 66, 52, 50, 59, 46, 45, 49, 48, 42, 47, 49, 39, 49, 65, 43, 56, 51, 52, 66, 63, 63, 69, 66, 55, 51, 66, 57, 60, 59, 56, 54, 64, 53, 54, 66, 68, 70, 64, 65, 81, 78, 64, 82, 83, 90, 91, 112, 110, 105, 107, 147, 130, 134, 130, 126, 145, 118, 130, 100, 128, 87, 102, 76, 74, 60, 53, 63, 51, 53, 60, 45, 49, 49, 50, 45, 55, 51, 46, 72, 79, 72, 107, 229, 99]"
pso_K3,"35,76,214",2.717503066961166,0.8909,100,3,20.05146279606812,0.5657916215087601,0.8027031160160489,"[259, 519, 249, 164, 151, 136, 115, 100, 96, 113, 101, 92, 95, 112, 99, 88, 98, 116, 80, 95, 108, 95, 87, 81, 89, 100, 74, 96, 77, 75, 84, 65, 86, 74, 72, 72, 79, 68, 93, 85, 102, 113, 119, 95, 94, 118, 88, 114, 134, 115, 133, 153, 165, 179, 169, 163, 192, 197, 212, 195, 236, 213, 227, 285, 287, 269, 278, 278, 275, 295, 288, 310, 291, 313, 320, 309, 273, 285, 337, 309, 364, 360, 327, 358, 352, 384, 392, 425, 410, 456, 433, 454, 488, 564, 545, 519, 572, 554, 525, 557, 578, 618, 633, 647, 642, 578, 567, 605, 631, 619, 636, 574, 635, 599, 608, 626, 606, 568, 599, 562, 529, 520, 530, 480, 486, 491, 476, 409, 371, 363, 321, 299, 308, 276, 296, 234, 223, 187, 186, 161, 165, 146, 142, 138, 127, 105, 124, 123, 112, 97, 80, 86, 85, 73, 75, 76, 70, 81, 61, 62, 89, 56, 67, 62, 46, 48, 53, 52, 57, 61, 60, 49, 66, 52, 50, 59, 46, 45, 49, 48, 42, 47, 49, 39, 49, 65, 43, 56, 51, 52, 66, 63, 63, 69, 66, 55, 51, 66, 57, 60, 59, 56, 54, 64, 53, 54, 66, 68, 70, 64, 65, 81, 78, 64, 82, 83, 90, 91, 112, 110, 105, 107, 147, 130, 134, 130, 126, 145, 118, 130, 100, 128, 87, 102, 76, 74, 60, 53, 63, 51, 53, 60, 45, 49, 49, 50, 45, 55, 51, 46, 72, 79, 72, 107, 229, 99]"
otsu_K4,"70,96,113,134",3.064754899245134,0.0025,100,4,21.57296708218249,0.7834111551052806,0.9227970191372205,"[259, 519, 249, 164, 151, 136, 115, 100, 96, 113, 101, 92, 95, 112, 99, 88, 98, 116, 80, 95, 108, 95, 87, 81, 89, 100, 74, 96, 77, 75, 84, 65, 86, 74, 72, 72, 79, 68, 93, 85, 102, 113, 119, 95, 94, 118, 88, 114, 134, 115, 133, 153, 165, 179, 169, 163, 192, 197, 212, 195, 236, 213, 227, 285, 287, 269, 278, 278, 275, 295, 288, 310, 291, 313, 320, 309, 273, 285, 337, 309, 364, 360, 327, 358, 352, 384, 392, 425, 410, 456, 433, 454, 488, 564, 545, 519, 572, 554, 525, 557, 578, 618, 633, 647, 642, 578, 567, 605, 631, 619, 636, 574, 635, 599, 608, 626, 606, 568, 599, 562, 529, 520, 530, 480, 486, 491, 476, 409, 371, 363, 321, 299, 308, 276, 296, 234, 223, 187, 186, 161, 165, 146, 142, 138, 127, 105, 124, 123, 112, 97, 80, 86, 85, 73, 75, 76, 70, 81, 61, 62, 89, 56, 67, 62, 46, 48, 53, 52, 57, 61, 60, 49, 66, 52, 50, 59, 46, 45, 49, 48, 42, 47, 49, 39, 49, 65, 43, 56, 51, 52, 66, 63, 63, 69, 66, 55, 51, 66, 57, 60, 59, 56, 54, 64, 53, 54, 66, 68, 70, 64, 65, 81, 78, 64, 82, 83, 90, 91, 112, 110, 105, 107, 147, 130, 134, 130, 126, 145, 118, 130, 100, 128, 87, 102, 76, 74, 60, 53, 63, 51, 53, 60, 45, 49, 49, 50, 45, 55, 51, 46, 72, 79, 72, 107, 229, 99]"
mfwoa_K4,"45,132,163,214",3.3669197461297298,1.0689,100,4,22.403839321801186,0.6356802469093699,0.8542818800879464,"[259, 519, 249, 164, 151, 136, 115, 100, 96, 113, 101, 92, 95, 112, 99, 88, 98, 116, 80, 95, 108, 95, 87, 81, 89, 100, 74, 96, 77, 75, 84, 65, 86, 74, 72, 72, 79, 68, 93, 85, 102, 113, 119, 95, 94, 118, 88, 114, 134, 115, 133, 153, 165, 179, 169, 163, 192, 197, 212, 195, 236, 213, 227, 285, 287, 269, 278, 278, 275, 295, 288, 310, 291, 313, 320, 309, 273, 285, 337, 309, 364, 360, 327, 358, 352, 384, 392, 425, 410, 456, 433, 454, 488, 564, 545, 519, 572, 554, 525, 557, 578, 618, 633, 647, 642, 578, 567, 605, 631, 619, 636, 574, 635, 599, 608, 626, 606, 568, 599, 562, 529, 520, 530, 480, 486, 491, 476, 409, 371, 363, 321, 299, 308, 276, 296, 234, 223, 187, 186, 161, 165, 146, 142, 138, 127, 105, 124, 123, 112, 97, 80, 86, 85, 73, 75, 76, 70, 81, 61, 62, 89, 56, 67, 62, 46, 48, 53, 52, 57, 61, 60, 49, 66, 52, 50, 59, 46, 45, 49, 48, 42, 47, 49, 39, 49, 65, 43, 56, 51, 52, 66, 63, 63, 69, 66, 55, 51, 66, 57, 60, 59, 56, 54, 64, 53, 54, 66, 68, 70, 64, 65, 81, 78, 64, 82, 83, 90, 91, 112, 110, 105, 107, 147, 130, 134, 130, 126, 145, 118, 130, 100, 128, 87, 102, 76, 74, 60, 53, 63, 51, 53, 60, 45, 49, 49, 50, 45, 55, 51, 46, 72, 79, 72, 107, 229, 99]"
woa_K4,"35,138,179,214",3.396868483633982,1.1122,100,4,21.45162976234884,0.5670532663936013,0.8218739315658367,"[259, 519, 249, 164, 151, 136, 115, 100, 96, 113, 101, 92, 95, 112, 99, 88, 98, 116, 80, 95, 108, 95, 87, 81, 89, 100, 74, 96, 77, 75, 84, 65, 86, 74, 72, 72, 79, 68, 93, 85, 102, 113, 119, 95, 94, 118, 88, 114, 134, 115, 133, 153, 165, 179, 169, 163, 192, 197, 212, 195, 236, 213, 227, 285, 287, 269, 278, 278, 275, 295, 288, 310, 291, 313, 320, 309, 273, 285, 337, 309, 364, 360, 327, 358, 352, 384, 392, 425, 410, 456, 433, 454, 488, 564, 545, 519, 572, 554, 525, 557, 578, 618, 633, 647, 642, 578, 567, 605, 631, 619, 636, 574, 635, 599, 608, 626, 606, 568, 599, 562, 529, 520, 530, 480, 486, 491, 476, 409, 371, 363, 321, 299, 308, 276, 296, 234, 223, 187, 186, 161, 165, 146, 142, 138, 127, 105, 124, 123, 112, 97, 80, 86, 85, 73, 75, 76, 70, 81, 61, 62, 89, 56, 67, 62, 46, 48, 53, 52, 57, 61, 60, 49, 66, 52, 50, 59, 46, 45, 49, 48, 42, 47, 49, 39, 49, 65, 43, 56, 51, 52, 66, 63, 63, 69, 66, 55, 51, 66, 57, 60, 59, 56, 54, 64, 53, 54, 66, 68, 70, 64, 65, 81, 78, 64, 82, 83, 90, 91, 112, 110, 105, 107, 147, 130, 134, 130, 126, 145, 118, 130, 100, 128, 87, 102, 76, 74, 60, 53, 63, 51, 53, 60, 45, 49, 49, 50, 45, 55, 51, 46, 72, 79, 72, 107, 229, 99]"
pso_K4,"33,138,179,216",3.3985253491747387,0.9105,100,4,21.404362979261254,0.5635659202411225,0.8214142261646359,"[259, 519, 249, 164, 151, 136, 115, 100, 96, 113, 101, 92, 95, 112, 99, 88, 98, 116, 80, 95, 108, 95, 87, 81, 89, 100, 74, 96, 77, 75, 84, 65, 86, 74, 72, 72, 79, 68, 93, 85, 102, 113, 119, 95, 94, 118, 88, 114, 134, 115, 133, 153, 165, 179, 169, 163, 192, 197, 212, 195, 236, 213, 227, 285, 287, 269, 278, 278, 275, 295, 288, 310, 291, 313, 320, 309, 273, 285, 337, 309, 364, 360, 327, 358, 352, 384, 392, 425, 410, 456, 433, 454, 488, 564, 545, 519, 572, 554, 525, 557, 578, 618, 633, 647, 642, 578, 567, 605, 631, 619, 636, 574, 635, 599, 608, 626, 606, 568, 599, 562, 529, 520, 530, 480, 486, 491, 476, 409, 371, 363, 321, 299, 308, 276, 296, 234, 223, 187, 186, 161, 165, 146, 142, 138, 127, 105, 124, 123, 112, 97, 80, 86, 85, 73, 75, 76, 70, 81, 61, 62, 89, 56, 67, 62, 46, 48, 53, 52, 57, 61, 60, 49, 66, 52, 50, 59, 46, 45, 49, 48, 42, 47, 49, 39, 49, 65, 43, 56, 51, 52, 66, 63, 63, 69, 66, 55, 51, 66, 57, 60, 59, 56, 54, 64, 53, 54, 66, 68, 70, 64, 65, 81, 78, 64, 82, 83, 90, 91, 112, 110, 105, 107, 147, 130, 134, 130, 126, 145, 118, 130, 100, 128, 87, 102, 76, 74, 60, 53, 63, 51, 53, 60, 45, 49, 49, 50, 45, 55, 51, 46, 72, 79, 72, 107, 229, 99]"
otsu_K5,"64,89,104,118,143",3.6668764859410388,0.0035,100,5,23.22789368252186,0.8318922634970832,0.9173330361587905,"[259, 519, 249, 164, 151, 136, 115, 100, 96, 113, 101, 92, 95, 112, 99, 88, 98, 116, 80, 95, 108, 95, 87, 81, 89, 100, 74, 96, 77, 75, 84, 65, 86, 74, 72, 72, 79, 68, 93, 85, 102, 113, 119, 95, 94, 118, 88, 114, 134, 115, 133, 153, 165, 179, 169, 163, 192, 197, 212, 195, 236, 213, 227, 285, 287, 269, 278, 278, 275, 295, 288, 310, 291, 313, 320, 309, 273, 285, 337, 309, 364, 360, 327, 358, 352, 384, 392, 425, 410, 456, 433, 454, 488, 564, 545, 519, 572, 554, 525, 557, 578, 618, 633, 647, 642, 578, 567, 605, 631, 619, 636, 574, 635, 599, 608, 626, 606, 568, 599, 562, 529, 520, 530, 480, 486, 491, 476, 409, 371, 363, 321, 299, 308, 276, 296, 234, 223, 187, 186, 161, 165, 146, 142, 138, 127, 105, 124, 123, 112, 97, 80, 86, 85, 73, 75, 76, 70, 81, 61, 62, 89, 56, 67, 62, 46, 48, 53, 52, 57, 61, 60, 49, 66, 52, 50, 59, 46, 45, 49, 48, 42, 47, 49, 39, 49, 65, 43, 56, 51, 52, 66, 63, 63, 69, 66, 55, 51, 66, 57, 60, 59, 56, 54, 64, 53, 54, 66, 68, 70, 64, 65, 81, 78, 64, 82, 83, 90, 91, 112, 110, 105, 107, 147, 130, 134, 130, 126, 145, 118, 130, 100, 128, 87, 102, 76, 74, 60, 53, 63, 51, 53, 60, 45, 49, 49, 50, 45, 55, 51, 46, 72, 79, 72, 107, 229, 99]"
mfwoa_K5,"37,80,137,179,215",4.034685919893843,1.0689,100,5,25.63334280944523,0.7538815697031007,0.8413138406686651,"[259, 519, 249, 164, 151, 136, 115, 100, 96, 113, 101, 92, 95, 112, 99, 88, 98, 116, 80, 95, 108, 95, 87, 81, 89, 100, 74, 96, 77, 75, 84, 65, 86, 74, 72, 72, 79, 68, 93, 85, 102, 113, 119, 95, 94, 118, 88, 114, 134, 115, 133, 153, 165, 179, 169, 163, 192, 197, 212, 195, 236, 213, 227, 285, 287, 269, 278, 278, 275, 295, 288, 310, 291, 313, 320, 309, 273, 285, 337, 309, 364, 360, 327, 358, 352, 384, 392, 425, 410, 456, 433, 454, 488, 564, 545, 519, 572, 554, 525, 557, 578, 618, 633, 647, 642, 578, 567, 605, 631, 619, 636, 574, 635, 599, 608, 626, 606, 568, 599, 562, 529, 520, 530, 480, 486, 491, 476, 409, 371, 363, 321, 299, 308, 276, 296, 234, 223, 187, 186, 161, 165, 146, 142, 138, 127, 105, 124, 123, 112, 97, 80, 86, 85, 73, 75, 76, 70, 81, 61, 62, 89, 56, 67, 62, 46, 48, 53, 52, 57, 61, 60, 49, 66, 52, 50, 59, 46, 45, 49, 48, 42, 47, 49, 39, 49, 65, 43, 56, 51, 52, 66, 63, 63, 69, 66, 55, 51, 66, 57, 60, 59, 56, 54, 64, 53, 54, 66, 68, 70, 64, 65, 81, 78, 64, 82, 83, 90, 91, 112, 110, 105, 107, 147, 130, 134, 130, 126, 145, 118, 130, 100, 128, 87, 102, 76, 74, 60, 53, 63, 51, 53, 60, 45, 49, 49, 50, 45, 55, 51, 46, 72, 79, 72, 107, 229, 99]"
woa_K5,"23,44,131,158,213",4.010103895335385,0.984,100,5,22.552754186157777,0.6502359962930601,0.8462242286736777,"[259, 519, 249, 164, 151, 136, 115, 100, 96, 113, 101, 92, 95, 112, 99, 88, 98, 116, 80, 95, 108, 95, 87, 81, 89, 100, 74, 96, 77, 75, 84, 65, 86, 74, 72, 72, 79, 68, 93, 85, 102, 113, 119, 95, 94, 118, 88, 114, 134, 115, 133, 153, 165, 179, 169, 163, 192, 197, 212, 195, 236, 213, 227, 285, 287, 269, 278, 278, 275, 295, 288, 310, 291, 313, 320, 309, 273, 285, 337, 309, 364, 360, 327, 358, 352, 384, 392, 425, 410, 456, 433, 454, 488, 564, 545, 519, 572, 554, 525, 557, 578, 618, 633, 647, 642, 578, 567, 605, 631, 619, 636, 574, 635, 599, 608, 626, 606, 568, 599, 562, 529, 520, 530, 480, 486, 491, 476, 409, 371, 363, 321, 299, 308, 276, 296, 234, 223, 187, 186, 161, 165, 146, 142, 138, 127, 105, 124, 123, 112, 97, 80, 86, 85, 73, 75, 76, 70, 81, 61, 62, 89, 56, 67, 62, 46, 48, 53, 52, 57, 61, 60, 49, 66, 52, 50, 59, 46, 45, 49, 48, 42, 47, 49, 39, 49, 65, 43, 56, 51, 52, 66, 63, 63, 69, 66, 55, 51, 66, 57, 60, 59, 56, 54, 64, 53, 54, 66, 68, 70, 64, 65, 81, 78, 64, 82, 83, 90, 91, 112, 110, 105, 107, 147, 130, 134, 130, 126, 145, 118, 130, 100, 128, 87, 102, 76, 74, 60, 53, 63, 51, 53, 60, 45, 49, 49, 50, 45, 55, 51, 46, 72, 79, 72, 107, 229, 99]"
pso_K5,"33,78,137,179,216",4.040573132138783,0.964,100,5,25.425952867840195,0.7426724927425836,0.8389182153745495,"[259, 519, 249, 164, 151, 136, 115, 100, 96, 113, 101, 92, 95, 112, 99, 88, 98, 116, 80, 95, 108, 95, 87, 81, 89, 100, 74, 96, 77, 75, 84, 65, 86, 74, 72, 72, 79, 68, 93, 85, 102, 113, 119, 95, 94, 118, 88, 114, 134, 115, 133, 153, 165, 179, 169, 163, 192, 197, 212, 195, 236, 213, 227, 285, 287, 269, 278, 278, 275, 295, 288, 310, 291, 313, 320, 309, 273, 285, 337, 309, 364, 360, 327, 358, 352, 384, 392, 425, 410, 456, 433, 454, 488, 564, 545, 519, 572, 554, 525, 557, 578, 618, 633, 647, 642, 578, 567, 605, 631, 619, 636, 574, 635, 599, 608, 626, 606, 568, 599, 562, 529, 520, 530, 480, 486, 491, 476, 409, 371, 363, 321, 299, 308, 276, 296, 234, 223, 187, 186, 161, 165, 146, 142, 138, 127, 105, 124, 123, 112, 97, 80, 86, 85, 73, 75, 76, 70, 81, 61, 62, 89, 56, 67, 62, 46, 48, 53, 52, 57, 61, 60, 49, 66, 52, 50, 59, 46, 45, 49, 48, 42, 47, 49, 39, 49, 65, 43, 56, 51, 52, 66, 63, 63, 69, 66, 55, 51, 66, 57, 60, 59, 56, 54, 64, 53, 54, 66, 68, 70, 64, 65, 81, 78, 64, 82, 83, 90, 91, 112, 110, 105, 107, 147, 130, 134, 130, 126, 145, 118, 130, 100, 128, 87, 102, 76, 74, 60, 53, 63, 51, 53, 60, 45, 49, 49, 50, 45, 55, 51, 46, 72, 79, 72, 107, 229, 99]"
otsu_K6,"58,83,99,110,123,155",4.280354218746652,0.0027,100,6,25.060838246389952,0.8727241317113607,0.9187573729133404,"[259, 519, 249, 164, 151, 136, 115, 100, 96, 113, 101, 92, 95, 112, 99, 88, 98, 116, 80, 95, 108, 95, 87, 81, 89, 100, 74, 96, 77, 75, 84, 65, 86, 74, 72, 72, 79, 68, 93, 85, 102, 113, 119, 95, 94, 118, 88, 114, 134, 115, 133, 153, 165, 179, 169, 163, 192, 197, 212, 195, 236, 213, 227, 285, 287, 269, 278, 278, 275, 295, 288, 310, 291, 313, 320, 309, 273, 285, 337, 309, 364, 360, 327, 358, 352, 384, 392, 425, 410, 456, 433, 454, 488, 564, 545, 519, 572, 554, 525, 557, 578, 618, 633, 647, 642, 578, 567, 605, 631, 619, 636, 574, 635, 599, 608, 626, 606, 568, 599, 562, 529, 520, 530, 480, 486, 491, 476, 409, 371, 363, 321, 299, 308, 276, 296, 234, 223, 187, 186, 161, 165, 146, 142, 138, 127, 105, 124, 123, 112, 97, 80, 86, 85, 73, 75, 76, 70, 81, 61, 62, 89, 56, 67, 62, 46, 48, 53, 52, 57, 61, 60, 49, 66, 52, 50, 59, 46, 45, 49, 48, 42, 47, 49, 39, 49, 65, 43, 56, 51, 52, 66, 63, 63, 69, 66, 55, 51, 66, 57, 60, 59, 56, 54, 64, 53, 54, 66, 68, 70, 64, 65, 81, 78, 64, 82, 83, 90, 91, 112, 110, 105, 107, 147, 130, 134, 130, 126, 145, 118, 130, 100, 128, 87, 102, 76, 74, 60, 53, 63, 51, 53, 60, 45, 49, 49, 50, 45, 55, 51, 46, 72, 79, 72, 107, 229, 99]"
mfwoa_K6,"15,48,83,138,174,217",4.6872086058559965,1.0689,100,6,26.292861754116316,0.7817539293099386,0.8372929559624251,"[259, 519, 249, 164, 151, 136, 115, 100, 96, 113, 101, 92, 95, 112, 99, 88, 98, 116, 80, 95, 108, 95, 87, 81, 89, 100, 74, 96, 77, 75, 84, 65, 86, 74, 72, 72, 79, 68, 93, 85, 102, 113, 119, 95, 94, 118, 88, 114, 134, 115, 133, 153, 165, 179, 169, 163, 192, 197, 212, 195, 236, 213, 227, 285, 287, 269, 278, 278, 275, 295, 288, 310, 291, 313, 320, 309, 273, 285, 337, 309, 364, 360, 327, 358, 352, 384, 392, 425, 410, 456, 433, 454, 488, 564, 545, 519, 572, 554, 525, 557, 578, 618, 633, 647, 642, 578, 567, 605, 631, 619, 636, 574, 635, 599, 608, 626, 606, 568, 599, 562, 529, 520, 530, 480, 486, 491, 476, 409, 371, 363, 321, 299, 308, 276, 296, 234, 223, 187, 186, 161, 165, 146, 142, 138, 127, 105, 124, 123, 112, 97, 80, 86, 85, 73, 75, 76, 70, 81, 61, 62, 89, 56, 67, 62, 46, 48, 53, 52, 57, 61, 60, 49, 66, 52, 50, 59, 46, 45, 49, 48, 42, 47, 49, 39, 49, 65, 43, 56, 51, 52, 66, 63, 63, 69, 66, 55, 51, 66, 57, 60, 59, 56, 54, 64, 53, 54, 66, 68, 70, 64, 65, 81, 78, 64, 82, 83, 90, 91, 112, 110, 105, 107, 147, 130, 134, 130, 126, 145, 118, 130, 100, 128, 87, 102, 76, 74, 60, 53, 63, 51, 53, 60, 45, 49, 49, 50, 45, 55, 51, 46, 72, 79, 72, 107, 229, 99]"
woa_K6,"25,75,106,137,178,216",4.6737504412338104,1.0157,100,6,27.900627102561334,0.8702047525050569,0.8761114016271523,"[259, 519, 249, 164, 151, 136, 115, 100, 96, 113, 101, 92, 95, 112, 99, 88, 98, 116, 80, 95, 108, 95, 87, 81, 89, 100, 74, 96, 77, 75, 84, 65, 86, 74, 72, 72, 79, 68, 93, 85, 102, 113, 119, 95, 94, 118, 88, 114, 134, 115, 133, 153, 165, 179, 169, 163, 192, 197, 212, 195, 236, 213, 227, 285, 287, 269, 278, 278, 275, 295, 288, 310, 291, 313, 320, 309, 273, 285, 337, 309, 364, 360, 327, 358, 352, 384, 392, 425, 410, 456, 433, 454, 488, 564, 545, 519, 572, 554, 525, 557, 578, 618, 633, 647, 642, 578, 567, 605, 631, 619, 636, 574, 635, 599, 608, 626, 606, 568, 599, 562, 529, 520, 530, 480, 486, 491, 476, 409, 371, 363, 321, 299, 308, 276, 296, 234, 223, 187, 186, 161, 165, 146, 142, 138, 127, 105, 124, 123, 112, 97, 80, 86, 85, 73, 75, 76, 70, 81, 61, 62, 89, 56, 67, 62, 46, 48, 53, 52, 57, 61, 60, 49, 66, 52, 50, 59, 46, 45, 49, 48, 42, 47, 49, 39, 49, 65, 43, 56, 51, 52, 66, 63, 63, 69, 66, 55, 51, 66, 57, 60, 59, 56, 54, 64, 53, 54, 66, 68, 70, 64, 65, 81, 78, 64, 82, 83, 90, 91, 112, 110, 105, 107, 147, 130, 134, 130, 126, 145, 118, 130, 100, 128, 87, 102, 76, 74, 60, 53, 63, 51, 53, 60, 45, 49, 49, 50, 45, 55, 51, 46, 72, 79, 72, 107, 229, 99]"
pso_K6,"34,77,136,165,199,234",4.695739409414951,1.0376,100,6,25.72908979760548,0.746671359651272,0.8342213970635909,"[259, 519, 249, 164, 151, 136, 115, 100, 96, 113, 101, 92, 95, 112, 99, 88, 98, 116, 80, 95, 108, 95, 87, 81, 89, 100, 74, 96, 77, 75, 84, 65, 86, 74, 72, 72, 79, 68, 93, 85, 102, 113, 119, 95, 94, 118, 88, 114, 134, 115, 133, 153, 165, 179, 169, 163, 192, 197, 212, 195, 236, 213, 227, 285, 287, 269, 278, 278, 275, 295, 288, 310, 291, 313, 320, 309, 273, 285, 337, 309, 364, 360, 327, 358, 352, 384, 392, 425, 410, 456, 433, 454, 488, 564, 545, 519, 572, 554, 525, 557, 578, 618, 633, 647, 642, 578, 567, 605, 631, 619, 636, 574, 635, 599, 608, 626, 606, 568, 599, 562, 529, 520, 530, 480, 486, 491, 476, 409, 371, 363, 321, 299, 308, 276, 296, 234, 223, 187, 186, 161, 165, 146, 142, 138, 127, 105, 124, 123, 112, 97, 80, 86, 85, 73, 75, 76, 70, 81, 61, 62, 89, 56, 67, 62, 46, 48, 53, 52, 57, 61, 60, 49, 66, 52, 50, 59, 46, 45, 49, 48, 42, 47, 49, 39, 49, 65, 43, 56, 51, 52, 66, 63, 63, 69, 66, 55, 51, 66, 57, 60, 59, 56, 54, 64, 53, 54, 66, 68, 70, 64, 65, 81, 78, 64, 82, 83, 90, 91, 112, 110, 105, 107, 147, 130, 134, 130, 126, 145, 118, 130, 100, 128, 87, 102, 76, 74, 60, 53, 63, 51, 53, 60, 45, 49, 49, 50, 45, 55, 51, 46, 72, 79, 72, 107, 229, 99]"
otsu_K7,"54,78,94,104,115,126,170",4.765135387338219,0.0031,100,7,26.57930297687612,0.8955150398105647,0.9204475851677497,"[259, 519, 249, 164, 151, 136, 115, 100, 96, 113, 101, 92, 95, 112, 99, 88, 98, 116, 80, 95, 108, 95, 87, 81, 89, 100, 74, 96, 77, 75, 84, 65, 86, 74, 72, 72, 79, 68, 93, 85, 102, 113, 119, 95, 94, 118, 88, 114, 134, 115, 133, 153, 165, 179, 169, 163, 192, 197, 212, 195, 236, 213, 227, 285, 287, 269, 278, 278, 275, 295, 288, 310, 291, 313, 320, 309, 273, 285, 337, 309, 364, 360, 327, 358, 352, 384, 392, 425, 410, 456, 433, 454, 488, 564, 545, 519, 572, 554, 525, 557, 578, 618, 633, 647, 642, 578, 567, 605, 631, 619, 636, 574, 635, 599, 608, 626, 606, 568, 599, 562, 529, 520, 530, 480, 486, 491, 476, 409, 371, 363, 321, 299, 308, 276, 296, 234, 223, 187, 186, 161, 165, 146, 142, 138, 127, 105, 124, 123, 112, 97, 80, 86, 85, 73, 75, 76, 70, 81, 61, 62, 89, 56, 67, 62, 46, 48, 53, 52, 57, 61, 60, 49, 66, 52, 50, 59, 46, 45, 49, 48, 42, 47, 49, 39, 49, 65, 43, 56, 51, 52, 66, 63, 63, 69, 66, 55, 51, 66, 57, 60, 59, 56, 54, 64, 53, 54, 66, 68, 70, 64, 65, 81, 78, 64, 82, 83, 90, 91, 112, 110, 105, 107, 147, 130, 134, 130, 126, 145, 118, 130, 100, 128, 87, 102, 76, 74, 60, 53, 63, 51, 53, 60, 45, 49, 49, 50, 45, 55, 51, 46, 72, 79, 72, 107, 229, 99]"
mfwoa_K7,"21,48,83,128,150,181,221",5.352876173354671,1.0689,100,7,27.542969051759407,0.8338104024284043,0.862074776730206,"[259, 519, 249, 164, 151, 136, 115, 100, 96, 113, 101, 92, 95, 112, 99, 88, 98, 116, 80, 95, 108, 95, 87, 81, 89, 100, 74, 96, 77, 75, 84, 65, 86, 74, 72, 72, 79, 68, 93, 85, 102, 113, 119, 95, 94, 118, 88, 114, 134, 115, 133, 153, 165, 179, 169, 163, 192, 197, 212, 195, 236, 213, 227, 285, 287, 269, 278, 278, 275, 295, 288, 310, 291, 313, 320, 309, 273, 285, 337, 309, 364, 360, 327, 358, 352, 384, 392, 425, 410, 456, 433, 454, 488, 564, 545, 519, 572, 554, 525, 557, 578, 618, 633, 647, 642, 578, 567, 605, 631, 619, 636, 574, 635, 599, 608, 626, 606, 568, 599, 562, 529, 520, 530, 480, 486, 491, 476, 409, 371, 363, 321, 299, 308, 276, 296, 234, 223, 187, 186, 161, 165, 146, 142, 138, 127, 105, 124, 123, 112, 97, 80, 86, 85, 73, 75, 76, 70, 81, 61, 62, 89, 56, 67, 62, 46, 48, 53, 52, 57, 61, 60, 49, 66, 52, 50, 59, 46, 45, 49, 48, 42, 47, 49, 39, 49, 65, 43, 56, 51, 52, 66, 63, 63, 69, 66, 55, 51, 66, 57, 60, 59, 56, 54, 64, 53, 54, 66, 68, 70, 64, 65, 81, 78, 64, 82, 83, 90, 91, 112, 110, 105, 107, 147, 130, 134, 130, 126, 145, 118, 130, 100, 128, 87, 102, 76, 74, 60, 53, 63, 51, 53, 60, 45, 49, 49, 50, 45, 55, 51, 46, 72, 79, 72, 107, 229, 99]"
woa_K7,"19,46,85,130,151,182,217",5.363425164334241,1.1121,100,7,27.417902135897574,0.8286909412287853,0.8571841119377862,"[259, 519, 249, 164, 151, 136, 115, 100, 96, 113, 101, 92, 95, 112, 99, 88, 98, 116, 80, 95, 108, 95, 87, 81, 89, 100, 74, 96, 77, 75, 84, 65, 86, 74, 72, 72, 79, 68, 93, 85, 102, 113, 119, 95, 94, 118, 88, 114, 134, 115, 133, 153, 165, 179, 169, 163, 192, 197, 212, 195, 236, 213, 227, 285, 287, 269, 278, 278, 275, 295, 288, 310, 291, 313, 320, 309, 273, 285, 337, 309, 364, 360, 327, 358, 352, 384, 392, 425, 410, 456, 433, 454, 488, 564, 545, 519, 572, 554, 525, 557, 578, 618, 633, 647, 642, 578, 567, 605, 631, 619, 636, 574, 635, 599, 608, 626, 606, 568, 599, 562, 529, 520, 530, 480, 486, 491, 476, 409, 371, 363, 321, 299, 308, 276, 296, 234, 223, 187, 186, 161, 165, 146, 142, 138, 127, 105, 124, 123, 112, 97, 80, 86, 85, 73, 75, 76, 70, 81, 61, 62, 89, 56, 67, 62, 46, 48, 53, 52, 57, 61, 60, 49, 66, 52, 50, 59, 46, 45, 49, 48, 42, 47, 49, 39, 49, 65, 43, 56, 51, 52, 66, 63, 63, 69, 66, 55, 51, 66, 57, 60, 59, 56, 54, 64, 53, 54, 66, 68, 70, 64, 65, 81, 78, 64, 82, 83, 90, 91, 112, 110, 105, 107, 147, 130, 134, 130, 126, 145, 118, 130, 100, 128, 87, 102, 76, 74, 60, 53, 63, 51, 53, 60, 45, 49, 49, 50, 45, 55, 51, 46, 72, 79, 72, 107, 229, 99]"
pso_K7,"23,54,83,130,153,183,216",5.3719566369983625,1.1275,100,7,27.426873440631674,0.8292517511781459,0.8561915658364232,"[259, 519, 249, 164, 151, 136, 115, 100, 96, 113, 101, 92, 95, 112, 99, 88, 98, 116, 80, 95, 108, 95, 87, 81, 89, 100, 74, 96, 77, 75, 84, 65, 86, 74, 72, 72, 79, 68, 93, 85, 102, 113, 119, 95, 94, 118, 88, 114, 134, 115, 133, 153, 165, 179, 169, 163, 192, 197, 212, 195, 236, 213, 227, 285, 287, 269, 278, 278, 275, 295, 288, 310, 291, 313, 320, 309, 273, 285, 337, 309, 364, 360, 327, 358, 352, 384, 392, 425, 410, 456, 433, 454, 488, 564, 545, 519, 572, 554, 525, 557, 578, 618, 633, 647, 642, 578, 567, 605, 631, 619, 636, 574, 635, 599, 608, 626, 606, 568, 599, 562, 529, 520, 530, 480, 486, 491, 476, 409, 371, 363, 321, 299, 308, 276, 296, 234, 223, 187, 186, 161, 165, 146, 142, 138, 127, 105, 124, 123, 112, 97, 80, 86, 85, 73, 75, 76, 70, 81, 61, 62, 89, 56, 67, 62, 46, 48, 53, 52, 57, 61, 60, 49, 66, 52, 50, 59, 46, 45, 49, 48, 42, 47, 49, 39, 49, 65, 43, 56, 51, 52, 66, 63, 63, 69, 66, 55, 51, 66, 57, 60, 59, 56, 54, 64, 53, 54, 66, 68, 70, 64, 65, 81, 78, 64, 82, 83, 90, 91, 112, 110, 105, 107, 147, 130, 134, 130, 126, 145, 118, 130, 100, 128, 87, 102, 76, 74, 60, 53, 63, 51, 53, 60, 45, 49, 49, 50, 45, 55, 51, 46, 72, 79, 72, 107, 229, 99]"
otsu_K8,"49,73,89,100,109,118,130,184",5.316706461061061,0.0033,100,8,27.700274727733515,0.9104960831997527,0.9183499260270696,"[259, 519, 249, 164, 151, 136, 115, 100, 96, 113, 101, 92, 95, 112, 99, 88, 98, 116, 80, 95, 108, 95, 87, 81, 89, 100, 74, 96, 77, 75, 84, 65, 86, 74, 72, 72, 79, 68, 93, 85, 102, 113, 119, 95, 94, 118, 88, 114, 134, 115, 133, 153, 165, 179, 169, 163, 192, 197, 212, 195, 236, 213, 227, 285, 287, 269, 278, 278, 275, 295, 288, 310, 291, 313, 320, 309, 273, 285, 337, 309, 364, 360, 327, 358, 352, 384, 392, 425, 410, 456, 433, 454, 488, 564, 545, 519, 572, 554, 525, 557, 578, 618, 633, 647, 642, 578, 567, 605, 631, 619, 636, 574, 635, 599, 608, 626, 606, 568, 599, 562, 529, 520, 530, 480, 486, 491, 476, 409, 371, 363, 321, 299, 308, 276, 296, 234, 223, 187, 186, 161, 165, 146, 142, 138, 127, 105, 124, 123, 112, 97, 80, 86, 85, 73, 75, 76, 70, 81, 61, 62, 89, 56, 67, 62, 46, 48, 53, 52, 57, 61, 60, 49, 66, 52, 50, 59, 46, 45, 49, 48, 42, 47, 49, 39, 49, 65, 43, 56, 51, 52, 66, 63, 63, 69, 66, 55, 51, 66, 57, 60, 59, 56, 54, 64, 53, 54, 66, 68, 70, 64, 65, 81, 78, 64, 82, 83, 90, 91, 112, 110, 105, 107, 147, 130, 134, 130, 126, 145, 118, 130, 100, 128, 87, 102, 76, 74, 60, 53, 63, 51, 53, 60, 45, 49, 49, 50, 45, 55, 51, 46, 72, 79, 72, 107, 229, 99]"
mfwoa_K8,"37,77,98,123,139,166,195,231",5.9533255049217715,1.0689,100,8,29.75920334955781,0.9024324562843087,0.8853542541838876,"[259, 519, 249, 164, 151, 136, 115, 100, 96, 113, 101, 92, 95, 112, 99, 88, 98, 116, 80, 95, 108, 95, 87, 81, 89, 100, 74, 96, 77, 75, 84, 65, 86, 74, 72, 72, 79, 68, 93, 85, 102, 113, 119, 95, 94, 118, 88, 114, 134, 115, 133, 153, 165, 179, 169, 163, 192, 197, 212, 195, 236, 213, 227, 285, 287, 269, 278, 278, 275, 295, 288, 310, 291, 313, 320, 309, 273, 285, 337, 309, 364, 360, 327, 358, 352, 384, 392, 425, 410, 456, 433, 454, 488, 564, 545, 519, 572, 554, 525, 557, 578, 618, 633, 647, 642, 578, 567, 605, 631, 619, 636, 574, 635, 599, 608, 626, 606, 568, 599, 562, 529, 520, 530, 480, 486, 491, 476, 409, 371, 363, 321, 299, 308, 276, 296, 234, 223, 187, 186, 161, 165, 146, 142, 138, 127, 105, 124, 123, 112, 97, 80, 86, 85, 73, 75, 76, 70, 81, 61, 62, 89, 56, 67, 62, 46, 48, 53, 52, 57, 61, 60, 49, 66, 52, 50, 59, 46, 45, 49, 48, 42, 47, 49, 39, 49, 65, 43, 56, 51, 52, 66, 63, 63, 69, 66, 55, 51, 66, 57, 60, 59, 56, 54, 64, 53, 54, 66, 68, 70, 64, 65, 81, 78, 64, 82, 83, 90, 91, 112, 110, 105, 107, 147, 130, 134, 130, 126, 145, 118, 130, 100, 128, 87, 102, 76, 74, 60, 53, 63, 51, 53, 60, 45, 49, 49, 50, 45, 55, 51, 46, 72, 79, 72, 107, 229, 99]"
woa_K8,"19,46,67,88,131,156,195,216",5.997666642555057,1.4643,100,8,28.259261892884965,0.8590470353373887,0.8521481394654008,"[259, 519, 249, 164, 151, 136, 115, 100, 96, 113, 101, 92, 95, 112, 99, 88, 98, 116, 80, 95, 108, 95, 87, 81, 89, 100, 74, 96, 77, 75, 84, 65, 86, 74, 72, 72, 79, 68, 93, 85, 102, 113, 119, 95, 94, 118, 88, 114, 134, 115, 133, 153, 165, 179, 169, 163, 192, 197, 212, 195, 236, 213, 227, 285, 287, 269, 278, 278, 275, 295, 288, 310, 291, 313, 320, 309, 273, 285, 337, 309, 364, 360, 327, 358, 352, 384, 392, 425, 410, 456, 433, 454, 488, 564, 545, 519, 572, 554, 525, 557, 578, 618, 633, 647, 642, 578, 567, 605, 631, 619, 636, 574, 635, 599, 608, 626, 606, 568, 599, 562, 529, 520, 530, 480, 486, 491, 476, 409, 371, 363, 321, 299, 308, 276, 296, 234, 223, 187, 186, 161, 165, 146, 142, 138, 127, 105, 124, 123, 112, 97, 80, 86, 85, 73, 75, 76, 70, 81, 61, 62, 89, 56, 67, 62, 46, 48, 53, 52, 57, 61, 60, 49, 66, 52, 50, 59, 46, 45, 49, 48, 42, 47, 49, 39, 49, 65, 43, 56, 51, 52, 66, 63, 63, 69, 66, 55, 51, 66, 57, 60, 59, 56, 54, 64, 53, 54, 66, 68, 70, 64, 65, 81, 78, 64, 82, 83, 90, 91, 112, 110, 105, 107, 147, 130, 134, 130, 126, 145, 118, 130, 100, 128, 87, 102, 76, 74, 60, 53, 63, 51, 53, 60, 45, 49, 49, 50, 45, 55, 51, 46, 72, 79, 72, 107, 229, 99]"
pso_K8,"31,61,90,121,140,167,199,234",6.021368495493325,1.7367,100,8,29.63105265485207,0.8957457132406296,0.8729041992449593,"[259, 519, 249, 164, 151, 136, 115, 100, 96, 113, 101, 92, 95, 112, 99, 88, 98, 116, 80, 95, 108, 95, 87, 81, 89, 100, 74, 96, 77, 75, 84, 65, 86, 74, 72, 72, 79, 68, 93, 85, 102, 113, 119, 95, 94, 118, 88, 114, 134, 115, 133, 153, 165, 179, 169, 163, 192, 197, 212, 195, 236, 213, 227, 285, 287, 269, 278, 278, 275, 295, 288, 310, 291, 313, 320, 309, 273, 285, 337, 309, 364, 360, 327, 358, 352, 384, 392, 425, 410, 456, 433, 454, 488, 564, 545, 519, 572, 554, 525, 557, 578, 618, 633, 647, 642, 578, 567, 605, 631, 619, 636, 574, 635, 599, 608, 626, 606, 568, 599, 562, 529, 520, 530, 480, 486, 491, 476, 409, 371, 363, 321, 299, 308, 276, 296, 234, 223, 187, 186, 161, 165, 146, 142, 138, 127, 105, 124, 123, 112, 97, 80, 86, 85, 73, 75, 76, 70, 81, 61, 62, 89, 56, 67, 62, 46, 48, 53, 52, 57, 61, 60, 49, 66, 52, 50, 59, 46, 45, 49, 48, 42, 47, 49, 39, 49, 65, 43, 56, 51, 52, 66, 63, 63, 69, 66, 55, 51, 66, 57, 60, 59, 56, 54, 64, 53, 54, 66, 68, 70, 64, 65, 81, 78, 64, 82, 83, 90, 91, 112, 110, 105, 107, 147, 130, 134, 130, 126, 145, 118, 130, 100, 128, 87, 102, 76, 74, 60, 53, 63, 51, 53, 60, 45, 49, 49, 50, 45, 55, 51, 46, 72, 79, 72, 107, 229, 99]"
otsu_K9,"44,70,85,96,104,113,121,134,194",5.778828013683416,0.0035,100,9,28.34697978246302,0.919324708827775,0.9163362362630623,"[259, 519, 249, 164, 151, 136, 115, 100, 96, 113, 101, 92, 95, 112, 99, 88, 98, 116, 80, 95, 108, 95, 87, 81, 89, 100, 74, 96, 77, 75, 84, 65, 86, 74, 72, 72, 79, 68, 93, 85, 102, 113, 119, 95, 94, 118, 88, 114, 134, 115, 133, 153, 165, 179, 169, 163, 192, 197, 212, 195, 236, 213, 227, 285, 287, 269, 278, 278, 275, 295, 288, 310, 291, 313, 320, 309, 273, 285, 337, 309, 364, 360, 327, 358, 352, 384, 392, 425, 410, 456, 433, 454, 488, 564, 545, 519, 572, 554, 525, 557, 578, 618, 633, 647, 642, 578, 567, 605, 631, 619, 636, 574, 635, 599, 608, 626, 606, 568, 599, 562, 529, 520, 530, 480, 486, 491, 476, 409, 371, 363, 321, 299, 308, 276, 296, 234, 223, 187, 186, 161, 165, 146, 142, 138, 127, 105, 124, 123, 112, 97, 80, 86, 85, 73, 75, 76, 70, 81, 61, 62, 89, 56, 67, 62, 46, 48, 53, 52, 57, 61, 60, 49, 66, 52, 50, 59, 46, 45, 49, 48, 42, 47, 49, 39, 49, 65, 43, 56, 51, 52, 66, 63, 63, 69, 66, 55, 51, 66, 57, 60, 59, 56, 54, 64, 53, 54, 66, 68, 70, 64, 65, 81, 78, 64, 82, 83, 90, 91, 112, 110, 105, 107, 147, 130, 134, 130, 126, 145, 118, 130, 100, 128, 87, 102, 76, 74, 60, 53, 63, 51, 53, 60, 45, 49, 49, 50, 45, 55, 51, 46, 72, 79, 72, 107, 229, 99]"
mfwoa_K9,"16,36,62,77,98,129,162,192,217",6.60580833815011,1.0689,100,9,30.08211311388202,0.9105570897111714,0.8613533629817256,"[259, 519, 249, 164, 151, 136, 115, 100, 96, 113, 101, 92, 95, 112, 99, 88, 98, 116, 80, 95, 108, 95, 87, 81, 89, 100, 74, 96, 77, 75, 84, 65, 86, 74, 72, 72, 79, 68, 93, 85, 102, 113, 119, 95, 94, 118, 88, 114, 134, 115, 133, 153, 165, 179, 169, 163, 192, 197, 212, 195, 236, 213, 227, 285, 287, 269, 278, 278, 275, 295, 288, 310, 291, 313, 320, 309, 273, 285, 337, 309, 364, 360, 327, 358, 352, 384, 392, 425, 410, 456, 433, 454, 488, 564, 545, 519, 572, 554, 525, 557, 578, 618, 633, 647, 642, 578, 567, 605, 631, 619, 636, 574, 635, 599, 608, 626, 606, 568, 599, 562, 529, 520, 530, 480, 486, 491, 476, 409, 371, 363, 321, 299, 308, 276, 296, 234, 223, 187, 186, 161, 165, 146, 142, 138, 127, 105, 124, 123, 112, 97, 80, 86, 85, 73, 75, 76, 70, 81, 61, 62, 89, 56, 67, 62, 46, 48, 53, 52, 57, 61, 60, 49, 66, 52, 50, 59, 46, 45, 49, 48, 42, 47, 49, 39, 49, 65, 43, 56, 51, 52, 66, 63, 63, 69, 66, 55, 51, 66, 57, 60, 59, 56, 54, 64, 53, 54, 66, 68, 70, 64, 65, 81, 78, 64, 82, 83, 90, 91, 112, 110, 105, 107, 147, 130, 134, 130, 126, 145, 118, 130, 100, 128, 87, 102, 76, 74, 60, 53, 63, 51, 53, 60, 45, 49, 49, 50, 45, 55, 51, 46, 72, 79, 72, 107, 229, 99]"
woa_K9,"33,56,81,96,131,150,183,209,234",6.613367721222266,1.1008,100,9,29.891080331471002,0.8946835788976842,0.8608029217256835,"[259, 519, 249, 164, 151, 136, 115, 100, 96, 113, 101, 92, 95, 112, 99, 88, 98, 116, 80, 95, 108, 95, 87, 81, 89, 100, 74, 96, 77, 75, 84, 65, 86, 74, 72, 72, 79, 68, 93, 85, 102, 113, 119, 95, 94, 118, 88, 114, 134, 115, 133, 153, 165, 179, 169, 163, 192, 197, 212, 195, 236, 213, 227, 285, 287, 269, 278, 278, 275, 295, 288, 310, 291, 313, 320, 309, 273, 285, 337, 309, 364, 360, 327, 358, 352, 384, 392, 425, 410, 456, 433, 454, 488, 564, 545, 519, 572, 554, 525, 557, 578, 618, 633, 647, 642, 578, 567, 605, 631, 619, 636, 574, 635, 599, 608, 626, 606, 568, 599, 562, 529, 520, 530, 480, 486, 491, 476, 409, 371, 363, 321, 299, 308, 276, 296, 234, 223, 187, 186, 161, 165, 146, 142, 138, 127, 105, 124, 123, 112, 97, 80, 86, 85, 73, 75, 76, 70, 81, 61, 62, 89, 56, 67, 62, 46, 48, 53, 52, 57, 61, 60, 49, 66, 52, 50, 59, 46, 45, 49, 48, 42, 47, 49, 39, 49, 65, 43, 56, 51, 52, 66, 63, 63, 69, 66, 55, 51, 66, 57, 60, 59, 56, 54, 64, 53, 54, 66, 68, 70, 64, 65, 81, 78, 64, 82, 83, 90, 91, 112, 110, 105, 107, 147, 130, 134, 130, 126, 145, 118, 130, 100, 128, 87, 102, 76, 74, 60, 53, 63, 51, 53, 60, 45, 49, 49, 50, 45, 55, 51, 46, 72, 79, 72, 107, 229, 99]"
pso_K9,"21,46,75,98,129,152,177,201,232",6.688283659130359,1.3027,100,9,30.33134558460754,0.9041015244384121,0.8616192280006054,"[259, 519, 249, 164, 151, 136, 115, 100, 96, 113, 101, 92, 95, 112, 99, 88, 98, 116, 80, 95, 108, 95, 87, 81, 89, 100, 74, 96, 77, 75, 84, 65, 86, 74, 72, 72, 79, 68, 93, 85, 102, 113, 119, 95, 94, 118, 88, 114, 134, 115, 133, 153, 165, 179, 169, 163, 192, 197, 212, 195, 236, 213, 227, 285, 287, 269, 278, 278, 275, 295, 288, 310, 291, 313, 320, 309, 273, 285, 337, 309, 364, 360, 327, 358, 352, 384, 392, 425, 410, 456, 433, 454, 488, 564, 545, 519, 572, 554, 525, 557, 578, 618, 633, 647, 642, 578, 567, 605, 631, 619, 636, 574, 635, 599, 608, 626, 606, 568, 599, 562, 529, 520, 530, 480, 486, 491, 476, 409, 371, 363, 321, 299, 308, 276, 296, 234, 223, 187, 186, 161, 165, 146, 142, 138, 127, 105, 124, 123, 112, 97, 80, 86, 85, 73, 75, 76, 70, 81, 61, 62, 89, 56, 67, 62, 46, 48, 53, 52, 57, 61, 60, 49, 66, 52, 50, 59, 46, 45, 49, 48, 42, 47, 49, 39, 49, 65, 43, 56, 51, 52, 66, 63, 63, 69, 66, 55, 51, 66, 57, 60, 59, 56, 54, 64, 53, 54, 66, 68, 70, 64, 65, 81, 78, 64, 82, 83, 90, 91, 112, 110, 105, 107, 147, 130, 134, 130, 126, 145, 118, 130, 100, 128, 87, 102, 76, 74, 60, 53, 63, 51, 53, 60, 45, 49, 49, 50, 45, 55, 51, 46, 72, 79, 72, 107, 229, 99]"
otsu_K10,"40,66,81,93,101,108,116,124,138,202",6.1548641380156655,0.0041,100,10,28.9170497123553,0.9266493553678783,0.9169121232638948,"[259, 519, 249, 164, 151, 136, 115, 100, 96, 113, 101, 92, 95, 112, 99, 88, 98, 116, 80, 95, 108, 95, 87, 81, 89, 100, 74, 96, 77, 75, 84, 65, 86, 74, 72, 72, 79, 68, 93, 85, 102, 113, 119, 95, 94, 118, 88, 114, 134, 115, 133, 153, 165, 179, 169, 163, 192, 197, 212, 195, 236, 213, 227, 285, 287, 269, 278, 278, 275, 295, 288, 310, 291, 313, 320, 309, 273, 285, 337, 309, 364, 360, 327, 358, 352, 384, 392, 425, 410, 456, 433, 454, 488, 564, 545, 519, 572, 554, 525, 557, 578, 618, 633, 647, 642, 578, 567, 605, 631, 619, 636, 574, 635, 599, 608, 626, 606, 568, 599, 562, 529, 520, 530, 480, 486, 491, 476, 409, 371, 363, 321, 299, 308, 276, 296, 234, 223, 187, 186, 161, 165, 146, 142, 138, 127, 105, 124, 123, 112, 97, 80, 86, 85, 73, 75, 76, 70, 81, 61, 62, 89, 56, 67, 62, 46, 48, 53, 52, 57, 61, 60, 49, 66, 52, 50, 59, 46, 45, 49, 48, 42, 47, 49, 39, 49, 65, 43, 56, 51, 52, 66, 63, 63, 69, 66, 55, 51, 66, 57, 60, 59, 56, 54, 64, 53, 54, 66, 68, 70, 64, 65, 81, 78, 64, 82, 83, 90, 91, 112, 110, 105, 107, 147, 130, 134, 130, 126, 145, 118, 130, 100, 128, 87, 102, 76, 74, 60, 53, 63, 51, 53, 60, 45, 49, 49, 50, 45, 55, 51, 46, 72, 79, 72, 107, 229, 99]"
mfwoa_K10,"21,46,69,82,109,132,153,175,207,234",7.277449642056708,1.0689,100,10,31.424913567815956,0.9262891198448799,0.8653811424101024,"[259, 519, 249, 164, 151, 136, 115, 100, 96, 113, 101, 92, 95, 112, 99, 88, 98, 116, 80, 95, 108, 95, 87, 81, 89, 100, 74, 96, 77, 75, 84, 65, 86, 74, 72, 72, 79, 68, 93, 85, 102, 113, 119, 95, 94, 118, 88, 114, 134, 115, 133, 153, 165, 179, 169, 163, 192, 197, 212, 195, 236, 213, 227, 285, 287, 269, 278, 278, 275, 295, 288, 310, 291, 313, 320, 309, 273, 285, 337, 309, 364, 360, 327, 358, 352, 384, 392, 425, 410, 456, 433, 454, 488, 564, 545, 519, 572, 554, 525, 557, 578, 618, 633, 647, 642, 578, 567, 605, 631, 619, 636, 574, 635, 599, 608, 626, 606, 568, 599, 562, 529, 520, 530, 480, 486, 491, 476, 409, 371, 363, 321, 299, 308, 276, 296, 234, 223, 187, 186, 161, 165, 146, 142, 138, 127, 105, 124, 123, 112, 97, 80, 86, 85, 73, 75, 76, 70, 81, 61, 62, 89, 56, 67, 62, 46, 48, 53, 52, 57, 61, 60, 49, 66, 52, 50, 59, 46, 45, 49, 48, 42, 47, 49, 39, 49, 65, 43, 56, 51, 52, 66, 63, 63, 69, 66, 55, 51, 66, 57, 60, 59, 56, 54, 64, 53, 54, 66, 68, 70, 64, 65, 81, 78, 64, 82, 83, 90, 91, 112, 110, 105, 107, 147, 130, 134, 130, 126, 145, 118, 130, 100, 128, 87, 102, 76, 74, 60, 53, 63, 51, 53, 60, 45, 49, 49, 50, 45, 55, 51, 46, 72, 79, 72, 107, 229, 99]"
woa_K10,"20,35,68,83,98,115,150,178,205,234",7.219672991134695,1.3487,100,10,31.295721829494706,0.9290993440001074,0.8652247726094875,"[259, 519, 249, 164, 151, 136, 115, 100, 96, 113, 101, 92, 95, 112, 99, 88, 98, 116, 80, 95, 108, 95, 87, 81, 89, 100, 74, 96, 77, 75, 84, 65, 86, 74, 72, 72, 79, 68, 93, 85, 102, 113, 119, 95, 94, 118, 88, 114, 134, 115, 133, 153, 165, 179, 169, 163, 192, 197, 212, 195, 236, 213, 227, 285, 287, 269, 278, 278, 275, 295, 288, 310, 291, 313, 320, 309, 273, 285, 337, 309, 364, 360, 327, 358, 352, 384, 392, 425, 410, 456, 433, 454, 488, 564, 545, 519, 572, 554, 525, 557, 578, 618, 633, 647, 642, 578, 567, 605, 631, 619, 636, 574, 635, 599, 608, 626, 606, 568, 599, 562, 529, 520, 530, 480, 486, 491, 476, 409, 371, 363, 321, 299, 308, 276, 296, 234, 223, 187, 186, 161, 165, 146, 142, 138, 127, 105, 124, 123, 112, 97, 80, 86, 85, 73, 75, 76, 70, 81, 61, 62, 89, 56, 67, 62, 46, 48, 53, 52, 57, 61, 60, 49, 66, 52, 50, 59, 46, 45, 49, 48, 42, 47, 49, 39, 49, 65, 43, 56, 51, 52, 66, 63, 63, 69, 66, 55, 51, 66, 57, 60, 59, 56, 54, 64, 53, 54, 66, 68, 70, 64, 65, 81, 78, 64, 82, 83, 90, 91, 112, 110, 105, 107, 147, 130, 134, 130, 126, 145, 118, 130, 100, 128, 87, 102, 76, 74, 60, 53, 63, 51, 53, 60, 45, 49, 49, 50, 45, 55, 51, 46, 72, 79, 72, 107, 229, 99]"
pso_K10,"15,37,60,77,98,121,138,165,190,219",7.295030889966034,1.1967,100,10,31.5265115509813,0.9353047918960278,0.872827391226267,"[259, 519, 249, 164, 151, 136, 115, 100, 96, 113, 101, 92, 95, 112, 99, 88, 98, 116, 80, 95, 108, 95, 87, 81, 89, 100, 74, 96, 77, 75, 84, 65, 86, 74, 72, 72, 79, 68, 93, 85, 102, 113, 119, 95, 94, 118, 88, 114, 134, 115, 133, 153, 165, 179, 169, 163, 192, 197, 212, 195, 236, 213, 227, 285, 287, 269, 278, 278, 275, 295, 288, 310, 291, 313, 320, 309, 273, 285, 337, 309, 364, 360, 327, 358, 352, 384, 392, 425, 410, 456, 433, 454, 488, 564, 545, 519, 572, 554, 525, 557, 578, 618, 633, 647, 642, 578, 567, 605, 631, 619, 636, 574, 635, 599, 608, 626, 606, 568, 599, 562, 529, 520, 530, 480, 486, 491, 476, 409, 371, 363, 321, 299, 308, 276, 296, 234, 223, 187, 186, 161, 165, 146, 142, 138, 127, 105, 124, 123, 112, 97, 80, 86, 85, 73, 75, 76, 70, 81, 61, 62, 89, 56, 67, 62, 46, 48, 53, 52, 57, 61, 60, 49, 66, 52, 50, 59, 46, 45, 49, 48, 42, 47, 49, 39, 49, 65, 43, 56, 51, 52, 66, 63, 63, 69, 66, 55, 51, 66, 57, 60, 59, 56, 54, 64, 53, 54, 66, 68, 70, 64, 65, 81, 78, 64, 82, 83, 90, 91, 112, 110, 105, 107, 147, 130, 134, 130, 126, 145, 118, 130, 100, 128, 87, 102, 76, 74, 60, 53, 63, 51, 53, 60, 45, 49, 49, 50, 45, 55, 51, 46, 72, 79, 72, 107, 229, 99]"
